{
"type": "FeatureCollection",
"name": "alarms",
"crs": { "type": "name", "properties": { "name": "urn:ogc:def:crs:OGC:1.3:CRS84" } },
"features": [
{ "type": "Feature", "properties": { "Primary ObjectID": 114038, "FormattingRule index": -1, "TimeZone Name": "America/Toronto", "field_4": null, "Asset": 114038, "Asset Name": "Culvert & Drainage", "Hierarchy Location": "ACM.NIS.TRN.DOT.DOR.TW.I90.CULV", "Site": null, "Type": "Culvert", "Classification": "Maintainable Asset", "Parent asset": 64684, "Parent Asset Name": "I90 - Highway", "AssetWise Interoperability Active": false, "Highest Alarm Level": "Warning", "Safety Critical Equipment": null, "Category": null, "Class": null, "Age": "0.000 years", "Age Calculated On": "12/12/2024 10:03:45 PM", "Priority Analyzed": false, "Analysis Number": null, "field_23": null, "field_24": null, "field_25": null }, "geometry": null },
{ "type": "Feature", "properties": { "Primary ObjectID": 114039, "FormattingRule index": -1, "TimeZone Name": "America/Toronto", "field_4": null, "Asset": 114039, "Asset Name": "Concrete Culvert - 2302", "Hierarchy Location": "ACM.NIS.TRN.DOT.DOR.TW.I90.CULV.2302", "Site": null, "Type": "Culvert", "Classification": "Maintainable Asset", "Parent asset": 114038, "Parent Asset Name": "Culvert & Drainage", "AssetWise Interoperability Active": false, "Highest Alarm Level": "Warning", "Safety Critical Equipment": null, "Category": null, "Class": null, "Age": "0.000 years", "Age Calculated On": "12/12/2024 10:04:53 PM", "Priority Analyzed": false, "Analysis Number": null, "field_23": null, "field_24": null, "field_25": null }, "geometry": null },
{ "type": "Feature", "properties": { "Primary ObjectID": 114040, "FormattingRule index": -1, "TimeZone Name": "America/Toronto", "field_4": null, "Asset": 114040, "Asset Name": "Concrete Culvert - 3305", "Hierarchy Location": "ACM.NIS.TRN.DOT.DOR.TW.I90.CULV.3305", "Site": null, "Type": "Culvert", "Classification": "Maintainable Asset", "Parent asset": 114038, "Parent Asset Name": "Culvert & Drainage", "AssetWise Interoperability Active": false, "Highest Alarm Level": null, "Safety Critical Equipment": null, "Category": null, "Class": null, "Age": "0.000 years", "Age Calculated On": "12/12/2024 10:05:01 PM", "Priority Analyzed": false, "Analysis Number": null, "field_23": null, "field_24": null, "field_25": null }, "geometry": null },
{ "type": "Feature", "properties": { "Primary ObjectID": 114041, "FormattingRule index": -1, "TimeZone Name": "America/Toronto", "field_4": null, "Asset": 114041, "Asset Name": "Concrete Culvert - 2789", "Hierarchy Location": "ACM.NIS.TRN.DOT.DOR.TW.I90.CULV.2789", "Site": null, "Type": "Culvert", "Classification": "Maintainable Asset", "Parent asset": 114038, "Parent Asset Name": "Culvert & Drainage", "AssetWise Interoperability Active": false, "Highest Alarm Level": null, "Safety Critical Equipment": null, "Category": null, "Class": null, "Age": "0.000 years", "Age Calculated On": "12/12/2024 10:05:08 PM", "Priority Analyzed": false, "Analysis Number": null, "field_23": null, "field_24": null, "field_25": null }, "geometry": null },
{ "type": "Feature", "properties": { "Primary ObjectID": 114042, "FormattingRule index": -1, "TimeZone Name": "America/Toronto", "field_4": null, "Asset": 114042, "Asset Name": "Concrete Culvert - 6176", "Hierarchy Location": "ACM.NIS.TRN.DOT.DOR.TW.I90.CULV.6176", "Site": null, "Type": "Culvert", "Classification": "Maintainable Asset", "Parent asset": 114038, "Parent Asset Name": "Culvert & Drainage", "AssetWise Interoperability Active": false, "Highest Alarm Level": null, "Safety Critical Equipment": null, "Category": null, "Class": null, "Age": "0.000 years", "Age Calculated On": "12/12/2024 10:05:17 PM", "Priority Analyzed": false, "Analysis Number": null, "field_23": null, "field_24": null, "field_25": null }, "geometry": null },
{ "type": "Feature", "properties": { "Primary ObjectID": 114043, "FormattingRule index": -1, "TimeZone Name": "America/Toronto", "field_4": null, "Asset": 114043, "Asset Name": "Toll Plaza 29 IL Tollway Touhy Ave", "Hierarchy Location": "ACM.NIS.TRN.DOT.DOR.TW.TP29", "Site": null, "Type": "Toll Plaza", "Classification": "Maintainable Asset", "Parent asset": 114104, "Parent Asset Name": "Tollway", "AssetWise Interoperability Active": false, "Highest Alarm Level": null, "Safety Critical Equipment": null, "Category": null, "Class": null, "Age": "0.000 years", "Age Calculated On": "12/12/2024 10:45:59 PM", "Priority Analyzed": false, "Analysis Number": null, "field_23": null, "field_24": null, "field_25": null }, "geometry": { "type": "Point", "coordinates": [ -87.86705, 42.000187 ] } },
{ "type": "Feature", "properties": { "Primary ObjectID": 114044, "FormattingRule index": -1, "TimeZone Name": "America/Toronto", "field_4": null, "Asset": 114044, "Asset Name": "Bulding and Structure", "Hierarchy Location": "ACM.NIS.TRN.DOT.DOR.TW.TP29.", "Site": null, "Type": "Building / Structure", "Classification": "Maintainable Asset", "Parent asset": 114043, "Parent Asset Name": "Toll Plaza 29 IL Tollway Touhy Ave", "AssetWise Interoperability Active": false, "Highest Alarm Level": null, "Safety Critical Equipment": null, "Category": null, "Class": null, "Age": "0.000 years", "Age Calculated On": "12/12/2024 10:49:57 PM", "Priority Analyzed": false, "Analysis Number": null, "field_23": null, "field_24": null, "field_25": null }, "geometry": null },
{ "type": "Feature", "properties": { "Primary ObjectID": 114046, "FormattingRule index": -1, "TimeZone Name": "America/Toronto", "field_4": null, "Asset": 114046, "Asset Name": "Com Tower", "Hierarchy Location": "ACM.NIS.TRN.DOT.DOR.TW.TP29.TP29", "Site": null, "Type": "Toll Plaza", "Classification": "Maintainable Asset", "Parent asset": 114043, "Parent Asset Name": "Toll Plaza 29 IL Tollway Touhy Ave", "AssetWise Interoperability Active": false, "Highest Alarm Level": null, "Safety Critical Equipment": null, "Category": null, "Class": null, "Age": "0.000 years", "Age Calculated On": "12/12/2024 10:50:40 PM", "Priority Analyzed": false, "Analysis Number": null, "field_23": null, "field_24": null, "field_25": null }, "geometry": { "type": "Point", "coordinates": [ -87.86705, 42.000187 ] } },
{ "type": "Feature", "properties": { "Primary ObjectID": 114047, "FormattingRule index": -1, "TimeZone Name": "America/Toronto", "field_4": null, "Asset": 114047, "Asset Name": "Llighting", "Hierarchy Location": "ACM.NIS.TRN.DOT.DOR.TW.TP29.LHT", "Site": null, "Type": "LIGHTING", "Classification": "Maintainable Asset", "Parent asset": 114043, "Parent Asset Name": "Toll Plaza 29 IL Tollway Touhy Ave", "AssetWise Interoperability Active": false, "Highest Alarm Level": null, "Safety Critical Equipment": null, "Category": null, "Class": null, "Age": "0.000 years", "Age Calculated On": "12/12/2024 10:50:41 PM", "Priority Analyzed": false, "Analysis Number": null, "field_23": null, "field_24": null, "field_25": null }, "geometry": { "type": "Point", "coordinates": [ -87.86705, 42.000187 ] } },
{ "type": "Feature", "properties": { "Primary ObjectID": 114048, "FormattingRule index": -1, "TimeZone Name": "America/Toronto", "field_4": null, "Asset": 114048, "Asset Name": "Lane Cameras", "Hierarchy Location": "ACM.NIS.TRN.DOT.DOR.TW.TP29.LNC", "Site": null, "Type": "CAMERA", "Classification": "Maintainable Asset", "Parent asset": 114043, "Parent Asset Name": "Toll Plaza 29 IL Tollway Touhy Ave", "AssetWise Interoperability Active": false, "Highest Alarm Level": null, "Safety Critical Equipment": null, "Category": null, "Class": null, "Age": "0.000 years", "Age Calculated On": "12/12/2024 10:50:41 PM", "Priority Analyzed": false, "Analysis Number": null, "field_23": null, "field_24": null, "field_25": null }, "geometry": { "type": "Point", "coordinates": [ -87.86705, 42.000187 ] } },
{ "type": "Feature", "properties": { "Primary ObjectID": 114049, "FormattingRule index": -1, "TimeZone Name": "America/Toronto", "field_4": null, "Asset": 114049, "Asset Name": "Lane #1 Camera", "Hierarchy Location": "ACM.NIS.TRN.DOT.DOR.TW.TP29.LNC.L1C", "Site": null, "Type": "Toll Plaza", "Classification": "Maintainable Asset", "Parent asset": 114048, "Parent Asset Name": "Lane Cameras", "AssetWise Interoperability Active": false, "Highest Alarm Level": null, "Safety Critical Equipment": null, "Category": null, "Class": null, "Age": "0.000 years", "Age Calculated On": "12/12/2024 10:50:42 PM", "Priority Analyzed": false, "Analysis Number": null, "field_23": null, "field_24": null, "field_25": null }, "geometry": { "type": "Point", "coordinates": [ -87.86705, 42.000187 ] } },
{ "type": "Feature", "properties": { "Primary ObjectID": 114050, "FormattingRule index": -1, "TimeZone Name": "America/Toronto", "field_4": null, "Asset": 114050, "Asset Name": "Lane #5 Camera", "Hierarchy Location": "ACM.NIS.TRN.DOT.DOR.TW.TP29.LNC.L5C", "Site": null, "Type": "Toll Plaza", "Classification": "Maintainable Asset", "Parent asset": 114048, "Parent Asset Name": "Lane Cameras", "AssetWise Interoperability Active": false, "Highest Alarm Level": null, "Safety Critical Equipment": null, "Category": null, "Class": null, "Age": "0.000 years", "Age Calculated On": "12/12/2024 11:00:56 PM", "Priority Analyzed": false, "Analysis Number": null, "field_23": null, "field_24": null, "field_25": null }, "geometry": { "type": "Point", "coordinates": [ -87.86705, 42.000187 ] } },
{ "type": "Feature", "properties": { "Primary ObjectID": 114051, "FormattingRule index": -1, "TimeZone Name": "America/Toronto", "field_4": null, "Asset": 114051, "Asset Name": "Lane #2 Camera", "Hierarchy Location": "ACM.NIS.TRN.DOT.DOR.TW.TP29.LNC.L2C", "Site": null, "Type": "Toll Plaza", "Classification": "Maintainable Asset", "Parent asset": 114048, "Parent Asset Name": "Lane Cameras", "AssetWise Interoperability Active": false, "Highest Alarm Level": null, "Safety Critical Equipment": null, "Category": null, "Class": null, "Age": "0.000 years", "Age Calculated On": "12/12/2024 11:00:57 PM", "Priority Analyzed": false, "Analysis Number": null, "field_23": null, "field_24": null, "field_25": null }, "geometry": { "type": "Point", "coordinates": [ -87.86705, 42.000187 ] } },
{ "type": "Feature", "properties": { "Primary ObjectID": 114052, "FormattingRule index": -1, "TimeZone Name": "America/Toronto", "field_4": null, "Asset": 114052, "Asset Name": "Lane #3 Camera", "Hierarchy Location": "ACM.NIS.TRN.DOT.DOR.TW.TP29.LNC.L3C", "Site": null, "Type": "Toll Plaza", "Classification": "Maintainable Asset", "Parent asset": 114048, "Parent Asset Name": "Lane Cameras", "AssetWise Interoperability Active": false, "Highest Alarm Level": null, "Safety Critical Equipment": null, "Category": null, "Class": null, "Age": "0.000 years", "Age Calculated On": "12/12/2024 11:00:58 PM", "Priority Analyzed": false, "Analysis Number": null, "field_23": null, "field_24": null, "field_25": null }, "geometry": { "type": "Point", "coordinates": [ -87.86705, 42.000187 ] } },
{ "type": "Feature", "properties": { "Primary ObjectID": 114053, "FormattingRule index": -1, "TimeZone Name": "America/Toronto", "field_4": null, "Asset": 114053, "Asset Name": "Lane #4 Camera", "Hierarchy Location": "ACM.NIS.TRN.DOT.DOR.TW.TP29.LNC.L4C", "Site": null, "Type": "Toll Plaza", "Classification": "Maintainable Asset", "Parent asset": 114048, "Parent Asset Name": "Lane Cameras", "AssetWise Interoperability Active": false, "Highest Alarm Level": null, "Safety Critical Equipment": null, "Category": null, "Class": null, "Age": "0.000 years", "Age Calculated On": "12/12/2024 11:00:59 PM", "Priority Analyzed": false, "Analysis Number": null, "field_23": null, "field_24": null, "field_25": null }, "geometry": { "type": "Point", "coordinates": [ -87.86705, 42.000187 ] } },
{ "type": "Feature", "properties": { "Primary ObjectID": 114054, "FormattingRule index": -1, "TimeZone Name": "America/Toronto", "field_4": null, "Asset": 114054, "Asset Name": "O'Hare river road Toll Plaza 32", "Hierarchy Location": "ACM.NIS.TRN.DOT.DOR.TW.TP29", "Site": null, "Type": "Toll Plaza", "Classification": "Maintainable Asset", "Parent asset": 114104, "Parent Asset Name": "Tollway", "AssetWise Interoperability Active": false, "Highest Alarm Level": null, "Safety Critical Equipment": null, "Category": null, "Class": null, "Age": "0.000 years", "Age Calculated On": "12/12/2024 11:03:33 PM", "Priority Analyzed": false, "Analysis Number": null, "field_23": null, "field_24": null, "field_25": null }, "geometry": { "type": "Point", "coordinates": [ -87.86414, 41.98674 ] } },
{ "type": "Feature", "properties": { "Primary ObjectID": 114055, "FormattingRule index": -1, "TimeZone Name": "America/Toronto", "field_4": null, "Asset": 114055, "Asset Name": "Bulding and Structure", "Hierarchy Location": "ACM.NIS.TRN.DOT.DOR.TW.TP29.", "Site": null, "Type": "Building / Structure", "Classification": "Maintainable Asset", "Parent asset": 114054, "Parent Asset Name": "O'Hare river road Toll Plaza 32", "AssetWise Interoperability Active": false, "Highest Alarm Level": null, "Safety Critical Equipment": null, "Category": null, "Class": null, "Age": "0.000 years", "Age Calculated On": "12/12/2024 11:03:34 PM", "Priority Analyzed": false, "Analysis Number": null, "field_23": null, "field_24": null, "field_25": null }, "geometry": null },
{ "type": "Feature", "properties": { "Primary ObjectID": 114058, "FormattingRule index": -1, "TimeZone Name": "America/Toronto", "field_4": null, "Asset": 114058, "Asset Name": "Llighting", "Hierarchy Location": "ACM.NIS.TRN.DOT.DOR.TW.TP29.LHT", "Site": null, "Type": "LIGHTING", "Classification": "Maintainable Asset", "Parent asset": 114054, "Parent Asset Name": "O'Hare river road Toll Plaza 32", "AssetWise Interoperability Active": false, "Highest Alarm Level": null, "Safety Critical Equipment": null, "Category": null, "Class": null, "Age": "0.000 years", "Age Calculated On": "12/12/2024 11:03:36 PM", "Priority Analyzed": false, "Analysis Number": null, "field_23": null, "field_24": null, "field_25": null }, "geometry": { "type": "Point", "coordinates": [ -87.86705, 42.000187 ] } },
{ "type": "Feature", "properties": { "Primary ObjectID": 114059, "FormattingRule index": -1, "TimeZone Name": "America/Toronto", "field_4": null, "Asset": 114059, "Asset Name": "Lane Cameras", "Hierarchy Location": "ACM.NIS.TRN.DOT.DOR.TW.TP29.LNC", "Site": null, "Type": "CAMERA", "Classification": "Maintainable Asset", "Parent asset": 114054, "Parent Asset Name": "O'Hare river road Toll Plaza 32", "AssetWise Interoperability Active": false, "Highest Alarm Level": null, "Safety Critical Equipment": null, "Category": null, "Class": null, "Age": "0.000 years", "Age Calculated On": "12/12/2024 11:03:37 PM", "Priority Analyzed": false, "Analysis Number": null, "field_23": null, "field_24": null, "field_25": null }, "geometry": { "type": "Point", "coordinates": [ -87.86705, 42.000187 ] } },
{ "type": "Feature", "properties": { "Primary ObjectID": 114060, "FormattingRule index": -1, "TimeZone Name": "America/Toronto", "field_4": null, "Asset": 114060, "Asset Name": "Lane #1 Camera", "Hierarchy Location": "ACM.NIS.TRN.DOT.DOR.TW.TP29.LNC.L1C", "Site": null, "Type": "Toll Plaza", "Classification": "Maintainable Asset", "Parent asset": 114059, "Parent Asset Name": "Lane Cameras", "AssetWise Interoperability Active": false, "Highest Alarm Level": null, "Safety Critical Equipment": null, "Category": null, "Class": null, "Age": "0.000 years", "Age Calculated On": "12/12/2024 11:03:38 PM", "Priority Analyzed": false, "Analysis Number": null, "field_23": null, "field_24": null, "field_25": null }, "geometry": { "type": "Point", "coordinates": [ -87.86705, 42.000187 ] } },
{ "type": "Feature", "properties": { "Primary ObjectID": 114061, "FormattingRule index": -1, "TimeZone Name": "America/Toronto", "field_4": null, "Asset": 114061, "Asset Name": "Lane #2 Camera", "Hierarchy Location": "ACM.NIS.TRN.DOT.DOR.TW.TP29.LNC.L2C", "Site": null, "Type": "Toll Plaza", "Classification": "Maintainable Asset", "Parent asset": 114059, "Parent Asset Name": "Lane Cameras", "AssetWise Interoperability Active": false, "Highest Alarm Level": null, "Safety Critical Equipment": null, "Category": null, "Class": null, "Age": "0.000 years", "Age Calculated On": "12/12/2024 11:03:39 PM", "Priority Analyzed": false, "Analysis Number": null, "field_23": null, "field_24": null, "field_25": null }, "geometry": { "type": "Point", "coordinates": [ -87.86705, 42.000187 ] } },
{ "type": "Feature", "properties": { "Primary ObjectID": 114062, "FormattingRule index": -1, "TimeZone Name": "America/Toronto", "field_4": null, "Asset": 114062, "Asset Name": "Lane #3 Camera", "Hierarchy Location": "ACM.NIS.TRN.DOT.DOR.TW.TP29.LNC.L3C", "Site": null, "Type": "Toll Plaza", "Classification": "Maintainable Asset", "Parent asset": 114059, "Parent Asset Name": "Lane Cameras", "AssetWise Interoperability Active": false, "Highest Alarm Level": null, "Safety Critical Equipment": null, "Category": null, "Class": null, "Age": "0.000 years", "Age Calculated On": "12/12/2024 11:03:40 PM", "Priority Analyzed": false, "Analysis Number": null, "field_23": null, "field_24": null, "field_25": null }, "geometry": { "type": "Point", "coordinates": [ -87.86705, 42.000187 ] } },
{ "type": "Feature", "properties": { "Primary ObjectID": 114063, "FormattingRule index": -1, "TimeZone Name": "America/Toronto", "field_4": null, "Asset": 114063, "Asset Name": "Lane #4 Camera", "Hierarchy Location": "ACM.NIS.TRN.DOT.DOR.TW.TP29.LNC.L4C", "Site": null, "Type": "Toll Plaza", "Classification": "Maintainable Asset", "Parent asset": 114059, "Parent Asset Name": "Lane Cameras", "AssetWise Interoperability Active": false, "Highest Alarm Level": null, "Safety Critical Equipment": null, "Category": null, "Class": null, "Age": "0.000 years", "Age Calculated On": "12/12/2024 11:03:41 PM", "Priority Analyzed": false, "Analysis Number": null, "field_23": null, "field_24": null, "field_25": null }, "geometry": { "type": "Point", "coordinates": [ -87.86705, 42.000187 ] } },
{ "type": "Feature", "properties": { "Primary ObjectID": 114065, "FormattingRule index": -1, "TimeZone Name": "America/Toronto", "field_4": null, "Asset": 114065, "Asset Name": "Mile Marker 1", "Hierarchy Location": "ACM.NIS.TRN.DOT.DOR.TW.I90.SGN.MMR.M01", "Site": null, "Type": "Mile Marker", "Classification": "Maintainable Asset", "Parent asset": 64686, "Parent Asset Name": "Mile Marker - Signs", "AssetWise Interoperability Active": false, "Highest Alarm Level": "Early Warning", "Safety Critical Equipment": null, "Category": null, "Class": null, "Age": "0.000 years", "Age Calculated On": "12/12/2024 11:07:21 PM", "Priority Analyzed": false, "Analysis Number": null, "field_23": null, "field_24": null, "field_25": null }, "geometry": { "type": "Point", "coordinates": [ -87.896489, 42.006867 ] } },
{ "type": "Feature", "properties": { "Primary ObjectID": 114066, "FormattingRule index": -1, "TimeZone Name": "America/Toronto", "field_4": null, "Asset": 114066, "Asset Name": "Mile Marker 2", "Hierarchy Location": "ACM.NIS.TRN.DOT.DOR.TW.I90.SGN.MMR.M02", "Site": null, "Type": "Mile Marker", "Classification": "Maintainable Asset", "Parent asset": 64686, "Parent Asset Name": "Mile Marker - Signs", "AssetWise Interoperability Active": false, "Highest Alarm Level": "Alarm", "Safety Critical Equipment": null, "Category": null, "Class": null, "Age": "0.000 years", "Age Calculated On": "12/12/2024 11:07:25 PM", "Priority Analyzed": false, "Analysis Number": null, "field_23": null, "field_24": null, "field_25": null }, "geometry": { "type": "Point", "coordinates": [ -87.953416, 41.020691 ] } },
{ "type": "Feature", "properties": { "Primary ObjectID": 114067, "FormattingRule index": -1, "TimeZone Name": "America/Toronto", "field_4": null, "Asset": 114067, "Asset Name": "Mile Marker 3", "Hierarchy Location": "ACM.NIS.TRN.DOT.DOR.TW.I90.SGN.MMR.M03", "Site": null, "Type": "Mile Marker", "Classification": "Maintainable Asset", "Parent asset": 64686, "Parent Asset Name": "Mile Marker - Signs", "AssetWise Interoperability Active": false, "Highest Alarm Level": null, "Safety Critical Equipment": null, "Category": null, "Class": null, "Age": "0.000 years", "Age Calculated On": "12/12/2024 11:07:31 PM", "Priority Analyzed": false, "Analysis Number": null, "field_23": null, "field_24": null, "field_25": null }, "geometry": { "type": "Point", "coordinates": [ -88.092904, 42.065248 ] } },
{ "type": "Feature", "properties": { "Primary ObjectID": 114068, "FormattingRule index": -1, "TimeZone Name": "America/Toronto", "field_4": null, "Asset": 114068, "Asset Name": "Mile Marker 4", "Hierarchy Location": "ACM.NIS.TRN.DOT.DOR.TW.I90.SGN.MMR.M04", "Site": null, "Type": "Mile Marker", "Classification": "Maintainable Asset", "Parent asset": 64686, "Parent Asset Name": "Mile Marker - Signs", "AssetWise Interoperability Active": false, "Highest Alarm Level": "Early Warning", "Safety Critical Equipment": null, "Category": null, "Class": null, "Age": "0.000 years", "Age Calculated On": "12/12/2024 11:07:36 PM", "Priority Analyzed": false, "Analysis Number": null, "field_23": null, "field_24": null, "field_25": null }, "geometry": { "type": "Point", "coordinates": [ -88.601264, 42.171837 ] } },
{ "type": "Feature", "properties": { "Primary ObjectID": 114069, "FormattingRule index": -1, "TimeZone Name": "America/Toronto", "field_4": null, "Asset": 114069, "Asset Name": "Mile Marker 5", "Hierarchy Location": "ACM.NIS.TRN.DOT.DOR.TW.I90.SGN.MMR.M05", "Site": null, "Type": "Mile Marker", "Classification": "Maintainable Asset", "Parent asset": 64686, "Parent Asset Name": "Mile Marker - Signs", "AssetWise Interoperability Active": false, "Highest Alarm Level": null, "Safety Critical Equipment": null, "Category": null, "Class": null, "Age": "0.000 years", "Age Calculated On": "12/12/2024 11:07:40 PM", "Priority Analyzed": false, "Analysis Number": null, "field_23": null, "field_24": null, "field_25": null }, "geometry": null },
{ "type": "Feature", "properties": { "Primary ObjectID": 114070, "FormattingRule index": -1, "TimeZone Name": "America/Toronto", "field_4": null, "Asset": 114070, "Asset Name": "Mile Marker 6", "Hierarchy Location": "ACM.NIS.TRN.DOT.DOR.TW.I90.SGN.MMR.M06", "Site": null, "Type": "Mile Marker", "Classification": "Maintainable Asset", "Parent asset": 64686, "Parent Asset Name": "Mile Marker - Signs", "AssetWise Interoperability Active": false, "Highest Alarm Level": null, "Safety Critical Equipment": null, "Category": null, "Class": null, "Age": "0.000 years", "Age Calculated On": "12/12/2024 11:07:44 PM", "Priority Analyzed": false, "Analysis Number": null, "field_23": null, "field_24": null, "field_25": null }, "geometry": null },
{ "type": "Feature", "properties": { "Primary ObjectID": 114071, "FormattingRule index": -1, "TimeZone Name": "America/Toronto", "field_4": null, "Asset": 114071, "Asset Name": "Mile Marker 7", "Hierarchy Location": "ACM.NIS.TRN.DOT.DOR.TW.I90.SGN.MMR.M07", "Site": null, "Type": "Mile Marker", "Classification": "Maintainable Asset", "Parent asset": 64686, "Parent Asset Name": "Mile Marker - Signs", "AssetWise Interoperability Active": false, "Highest Alarm Level": null, "Safety Critical Equipment": null, "Category": null, "Class": null, "Age": "0.000 years", "Age Calculated On": "12/12/2024 11:07:48 PM", "Priority Analyzed": false, "Analysis Number": null, "field_23": null, "field_24": null, "field_25": null }, "geometry": null },
{ "type": "Feature", "properties": { "Primary ObjectID": 114072, "FormattingRule index": -1, "TimeZone Name": "America/Toronto", "field_4": null, "Asset": 114072, "Asset Name": "Mile Marker 8", "Hierarchy Location": "ACM.NIS.TRN.DOT.DOR.TW.I90.SGN.MMR.M08", "Site": null, "Type": "Mile Marker", "Classification": "Maintainable Asset", "Parent asset": 64686, "Parent Asset Name": "Mile Marker - Signs", "AssetWise Interoperability Active": false, "Highest Alarm Level": null, "Safety Critical Equipment": null, "Category": null, "Class": null, "Age": "0.000 years", "Age Calculated On": "12/12/2024 11:07:51 PM", "Priority Analyzed": false, "Analysis Number": null, "field_23": null, "field_24": null, "field_25": null }, "geometry": null },
{ "type": "Feature", "properties": { "Primary ObjectID": 114073, "FormattingRule index": -1, "TimeZone Name": "America/Toronto", "field_4": null, "Asset": 114073, "Asset Name": "Mile Marker 9", "Hierarchy Location": "ACM.NIS.TRN.DOT.DOR.TW.I90.SGN.MMR.M09", "Site": null, "Type": "Mile Marker", "Classification": "Maintainable Asset", "Parent asset": 64686, "Parent Asset Name": "Mile Marker - Signs", "AssetWise Interoperability Active": false, "Highest Alarm Level": null, "Safety Critical Equipment": null, "Category": null, "Class": null, "Age": "0.000 years", "Age Calculated On": "12/12/2024 11:07:55 PM", "Priority Analyzed": false, "Analysis Number": null, "field_23": null, "field_24": null, "field_25": null }, "geometry": null },
{ "type": "Feature", "properties": { "Primary ObjectID": 114074, "FormattingRule index": -1, "TimeZone Name": "America/Toronto", "field_4": null, "Asset": 114074, "Asset Name": "Illinois Tollway Plaza 19", "Hierarchy Location": "ACM.NIS.TRN.DOT.DOR.TW.TP19", "Site": null, "Type": "Toll Plaza", "Classification": "Maintainable Asset", "Parent asset": 114104, "Parent Asset Name": "Tollway", "AssetWise Interoperability Active": false, "Highest Alarm Level": "Critical", "Safety Critical Equipment": null, "Category": null, "Class": null, "Age": "0.000 years", "Age Calculated On": "12/12/2024 11:09:12 PM", "Priority Analyzed": false, "Analysis Number": null, "field_23": null, "field_24": null, "field_25": null }, "geometry": { "type": "Point", "coordinates": [ -87.857736, 42.985237 ] } },
{ "type": "Feature", "properties": { "Primary ObjectID": 114075, "FormattingRule index": -1, "TimeZone Name": "America/Toronto", "field_4": null, "Asset": 114075, "Asset Name": "Bulding and Structure", "Hierarchy Location": "ACM.NIS.TRN.DOT.DOR.TW.TP19.", "Site": null, "Type": "Building / Structure", "Classification": "Maintainable Asset", "Parent asset": 114074, "Parent Asset Name": "Illinois Tollway Plaza 19", "AssetWise Interoperability Active": false, "Highest Alarm Level": null, "Safety Critical Equipment": null, "Category": null, "Class": null, "Age": "0.000 years", "Age Calculated On": "12/12/2024 11:09:13 PM", "Priority Analyzed": false, "Analysis Number": null, "field_23": null, "field_24": null, "field_25": null }, "geometry": null },
{ "type": "Feature", "properties": { "Primary ObjectID": 114076, "FormattingRule index": -1, "TimeZone Name": "America/Toronto", "field_4": null, "Asset": 114076, "Asset Name": "Com Tower", "Hierarchy Location": "ACM.NIS.TRN.DOT.DOR.TW.TP19.TP29", "Site": null, "Type": "Toll Plaza", "Classification": "Maintainable Asset", "Parent asset": 114074, "Parent Asset Name": "Illinois Tollway Plaza 19", "AssetWise Interoperability Active": false, "Highest Alarm Level": null, "Safety Critical Equipment": null, "Category": null, "Class": null, "Age": "0.000 years", "Age Calculated On": "12/12/2024 11:09:14 PM", "Priority Analyzed": false, "Analysis Number": null, "field_23": null, "field_24": null, "field_25": null }, "geometry": { "type": "Point", "coordinates": [ -87.86705, 42.000187 ] } },
{ "type": "Feature", "properties": { "Primary ObjectID": 114077, "FormattingRule index": -1, "TimeZone Name": "America/Toronto", "field_4": null, "Asset": 114077, "Asset Name": "Llighting", "Hierarchy Location": "ACM.NIS.TRN.DOT.DOR.TW.TP19.LHT", "Site": null, "Type": "LIGHTING", "Classification": "Maintainable Asset", "Parent asset": 114074, "Parent Asset Name": "Illinois Tollway Plaza 19", "AssetWise Interoperability Active": false, "Highest Alarm Level": null, "Safety Critical Equipment": null, "Category": null, "Class": null, "Age": "0.000 years", "Age Calculated On": "12/12/2024 11:09:15 PM", "Priority Analyzed": false, "Analysis Number": null, "field_23": null, "field_24": null, "field_25": null }, "geometry": { "type": "Point", "coordinates": [ -87.86705, 42.000187 ] } },
{ "type": "Feature", "properties": { "Primary ObjectID": 114078, "FormattingRule index": -1, "TimeZone Name": "America/Toronto", "field_4": null, "Asset": 114078, "Asset Name": "Lane Cameras", "Hierarchy Location": "ACM.NIS.TRN.DOT.DOR.TW.TP19.LNC", "Site": null, "Type": "CAMERA", "Classification": "Maintainable Asset", "Parent asset": 114074, "Parent Asset Name": "Illinois Tollway Plaza 19", "AssetWise Interoperability Active": false, "Highest Alarm Level": null, "Safety Critical Equipment": null, "Category": null, "Class": null, "Age": "0.000 years", "Age Calculated On": "12/12/2024 11:09:16 PM", "Priority Analyzed": false, "Analysis Number": null, "field_23": null, "field_24": null, "field_25": null }, "geometry": { "type": "Point", "coordinates": [ -87.86705, 42.000187 ] } },
{ "type": "Feature", "properties": { "Primary ObjectID": 114079, "FormattingRule index": -1, "TimeZone Name": "America/Toronto", "field_4": null, "Asset": 114079, "Asset Name": "Lane #1 Camera", "Hierarchy Location": "ACM.NIS.TRN.DOT.DOR.TW.TP19.LNC.L1C", "Site": null, "Type": "Toll Plaza", "Classification": "Maintainable Asset", "Parent asset": 114078, "Parent Asset Name": "Lane Cameras", "AssetWise Interoperability Active": false, "Highest Alarm Level": null, "Safety Critical Equipment": null, "Category": null, "Class": null, "Age": "0.000 years", "Age Calculated On": "12/12/2024 11:09:17 PM", "Priority Analyzed": false, "Analysis Number": null, "field_23": null, "field_24": null, "field_25": null }, "geometry": { "type": "Point", "coordinates": [ -87.86705, 42.000187 ] } },
{ "type": "Feature", "properties": { "Primary ObjectID": 114080, "FormattingRule index": -1, "TimeZone Name": "America/Toronto", "field_4": null, "Asset": 114080, "Asset Name": "Lane #2 Camera", "Hierarchy Location": "ACM.NIS.TRN.DOT.DOR.TW.TP19.LNC.L2C", "Site": null, "Type": "Toll Plaza", "Classification": "Maintainable Asset", "Parent asset": 114078, "Parent Asset Name": "Lane Cameras", "AssetWise Interoperability Active": false, "Highest Alarm Level": null, "Safety Critical Equipment": null, "Category": null, "Class": null, "Age": "0.000 years", "Age Calculated On": "12/12/2024 11:09:18 PM", "Priority Analyzed": false, "Analysis Number": null, "field_23": null, "field_24": null, "field_25": null }, "geometry": { "type": "Point", "coordinates": [ -87.86705, 42.000187 ] } },
{ "type": "Feature", "properties": { "Primary ObjectID": 114081, "FormattingRule index": -1, "TimeZone Name": "America/Toronto", "field_4": null, "Asset": 114081, "Asset Name": "Lane #3 Camera", "Hierarchy Location": "ACM.NIS.TRN.DOT.DOR.TW.TP19.LNC.L3C", "Site": null, "Type": "Toll Plaza", "Classification": "Maintainable Asset", "Parent asset": 114078, "Parent Asset Name": "Lane Cameras", "AssetWise Interoperability Active": false, "Highest Alarm Level": null, "Safety Critical Equipment": null, "Category": null, "Class": null, "Age": "0.000 years", "Age Calculated On": "12/12/2024 11:09:19 PM", "Priority Analyzed": false, "Analysis Number": null, "field_23": null, "field_24": null, "field_25": null }, "geometry": { "type": "Point", "coordinates": [ -87.86705, 42.000187 ] } },
{ "type": "Feature", "properties": { "Primary ObjectID": 114082, "FormattingRule index": -1, "TimeZone Name": "America/Toronto", "field_4": null, "Asset": 114082, "Asset Name": "Lane #4 Camera", "Hierarchy Location": "ACM.NIS.TRN.DOT.DOR.TW.TP19.LNC.L4C", "Site": null, "Type": "Toll Plaza", "Classification": "Maintainable Asset", "Parent asset": 114078, "Parent Asset Name": "Lane Cameras", "AssetWise Interoperability Active": false, "Highest Alarm Level": null, "Safety Critical Equipment": null, "Category": null, "Class": null, "Age": "0.000 years", "Age Calculated On": "12/12/2024 11:09:19 PM", "Priority Analyzed": false, "Analysis Number": null, "field_23": null, "field_24": null, "field_25": null }, "geometry": { "type": "Point", "coordinates": [ -87.86705, 42.000187 ] } },
{ "type": "Feature", "properties": { "Primary ObjectID": 114083, "FormattingRule index": -1, "TimeZone Name": "America/Toronto", "field_4": null, "Asset": 114083, "Asset Name": "Lane #5 Camera", "Hierarchy Location": "ACM.NIS.TRN.DOT.DOR.TW.TP19.LNC.L5C", "Site": null, "Type": "Toll Plaza", "Classification": "Maintainable Asset", "Parent asset": 114078, "Parent Asset Name": "Lane Cameras", "AssetWise Interoperability Active": false, "Highest Alarm Level": null, "Safety Critical Equipment": null, "Category": null, "Class": null, "Age": "0.000 years", "Age Calculated On": "12/12/2024 11:09:20 PM", "Priority Analyzed": false, "Analysis Number": null, "field_23": null, "field_24": null, "field_25": null }, "geometry": { "type": "Point", "coordinates": [ -87.86705, 42.000187 ] } },
{ "type": "Feature", "properties": { "Primary ObjectID": 114084, "FormattingRule index": -1, "TimeZone Name": "America/Toronto", "field_4": null, "Asset": 114084, "Asset Name": "Signs & structures", "Hierarchy Location": "ACM.NIS.TRN.DOT.DOR.TW.TP19.RDS", "Site": null, "Type": "Road Signs", "Classification": "Maintainable Asset", "Parent asset": 114074, "Parent Asset Name": "Illinois Tollway Plaza 19", "AssetWise Interoperability Active": false, "Highest Alarm Level": "Critical", "Safety Critical Equipment": null, "Category": null, "Class": null, "Age": "0.000 years", "Age Calculated On": "12/13/2024 7:32:07 AM", "Priority Analyzed": false, "Analysis Number": null, "field_23": null, "field_24": null, "field_25": null }, "geometry": { "type": "Point", "coordinates": [ -87.8595, 41.98568 ] } },
{ "type": "Feature", "properties": { "Primary ObjectID": 114085, "FormattingRule index": -1, "TimeZone Name": "America/Toronto", "field_4": null, "Asset": 114085, "Asset Name": "EZpass Equipment", "Hierarchy Location": "ACM.NIS.TRN.DOT.DOR.TW.TP19.", "Site": null, "Type": "EZPass Equipment", "Classification": "Maintainable Asset", "Parent asset": 114074, "Parent Asset Name": "Illinois Tollway Plaza 19", "AssetWise Interoperability Active": false, "Highest Alarm Level": null, "Safety Critical Equipment": null, "Category": null, "Class": null, "Age": "0.000 years", "Age Calculated On": "12/13/2024 7:37:23 AM", "Priority Analyzed": false, "Analysis Number": null, "field_23": null, "field_24": null, "field_25": null }, "geometry": { "type": "Point", "coordinates": [ -87.857383, 41.985231 ] } },
{ "type": "Feature", "properties": { "Primary ObjectID": 114086, "FormattingRule index": -1, "TimeZone Name": "America/Toronto", "field_4": null, "Asset": 114086, "Asset Name": "Frame #1", "Hierarchy Location": "ACM.NIS.TRN.DOT.DOR.TW.TP19..SRT1", "Site": null, "Type": "Structure", "Classification": "Maintainable Asset", "Parent asset": 114085, "Parent Asset Name": "EZpass Equipment", "AssetWise Interoperability Active": false, "Highest Alarm Level": null, "Safety Critical Equipment": null, "Category": null, "Class": null, "Age": "0.000 years", "Age Calculated On": "12/13/2024 7:39:22 AM", "Priority Analyzed": false, "Analysis Number": null, "field_23": null, "field_24": null, "field_25": null }, "geometry": { "type": "Point", "coordinates": [ -87.857383, 41.985231 ] } },
{ "type": "Feature", "properties": { "Primary ObjectID": 114087, "FormattingRule index": -1, "TimeZone Name": "America/Toronto", "field_4": null, "Asset": 114087, "Asset Name": "Frame #2", "Hierarchy Location": "ACM.NIS.TRN.DOT.DOR.TW.TP19..SRT2", "Site": null, "Type": "Structure", "Classification": "Maintainable Asset", "Parent asset": 114085, "Parent Asset Name": "EZpass Equipment", "AssetWise Interoperability Active": false, "Highest Alarm Level": null, "Safety Critical Equipment": null, "Category": null, "Class": null, "Age": "0.000 years", "Age Calculated On": "12/13/2024 7:39:37 AM", "Priority Analyzed": false, "Analysis Number": null, "field_23": null, "field_24": null, "field_25": null }, "geometry": { "type": "Point", "coordinates": [ -87.857383, 41.985231 ] } },
{ "type": "Feature", "properties": { "Primary ObjectID": 114088, "FormattingRule index": -1, "TimeZone Name": "America/Toronto", "field_4": null, "Asset": 114088, "Asset Name": "Pickup Sensors Lane 52", "Hierarchy Location": "ACM.NIS.TRN.DOT.DOR.TW.TP19..S52", "Site": null, "Type": "Sensors", "Classification": "Maintainable Asset", "Parent asset": 114085, "Parent Asset Name": "EZpass Equipment", "AssetWise Interoperability Active": false, "Highest Alarm Level": null, "Safety Critical Equipment": null, "Category": null, "Class": null, "Age": "0.000 years", "Age Calculated On": "12/13/2024 7:45:13 AM", "Priority Analyzed": false, "Analysis Number": null, "field_23": null, "field_24": null, "field_25": null }, "geometry": { "type": "Point", "coordinates": [ -87.857383, 41.985231 ] } },
{ "type": "Feature", "properties": { "Primary ObjectID": 114089, "FormattingRule index": -1, "TimeZone Name": "America/Toronto", "field_4": null, "Asset": 114089, "Asset Name": "Pickup Sensors Lane 54", "Hierarchy Location": "ACM.NIS.TRN.DOT.DOR.TW.TP19..S54", "Site": null, "Type": "Sensors", "Classification": "Maintainable Asset", "Parent asset": 114085, "Parent Asset Name": "EZpass Equipment", "AssetWise Interoperability Active": false, "Highest Alarm Level": null, "Safety Critical Equipment": null, "Category": null, "Class": null, "Age": "0.000 years", "Age Calculated On": "12/13/2024 7:45:40 AM", "Priority Analyzed": false, "Analysis Number": null, "field_23": null, "field_24": null, "field_25": null }, "geometry": { "type": "Point", "coordinates": [ -87.857383, 41.985231 ] } },
{ "type": "Feature", "properties": { "Primary ObjectID": 114090, "FormattingRule index": -1, "TimeZone Name": "America/Toronto", "field_4": null, "Asset": 114090, "Asset Name": "Pickup Sensors Lane 53", "Hierarchy Location": "ACM.NIS.TRN.DOT.DOR.TW.TP19..S53", "Site": null, "Type": "Sensors", "Classification": "Maintainable Asset", "Parent asset": 114085, "Parent Asset Name": "EZpass Equipment", "AssetWise Interoperability Active": false, "Highest Alarm Level": null, "Safety Critical Equipment": null, "Category": null, "Class": null, "Age": "0.000 years", "Age Calculated On": "12/13/2024 7:45:41 AM", "Priority Analyzed": false, "Analysis Number": null, "field_23": null, "field_24": null, "field_25": null }, "geometry": { "type": "Point", "coordinates": [ -87.857383, 41.985231 ] } },
{ "type": "Feature", "properties": { "Primary ObjectID": 114091, "FormattingRule index": -1, "TimeZone Name": "America/Toronto", "field_4": null, "Asset": 114091, "Asset Name": "Overhead Signs", "Hierarchy Location": "ACM.NIS.TRN.DOT.DOR.TW.TP19.RDS.OH1", "Site": null, "Type": "Mile Marker", "Classification": "Maintainable Asset", "Parent asset": 114084, "Parent Asset Name": "Signs & structures", "AssetWise Interoperability Active": false, "Highest Alarm Level": "Critical", "Safety Critical Equipment": null, "Category": null, "Class": null, "Age": "0.000 years", "Age Calculated On": "12/13/2024 7:53:36 AM", "Priority Analyzed": false, "Analysis Number": null, "field_23": null, "field_24": null, "field_25": null }, "geometry": { "type": "Point", "coordinates": [ -87.857383, 41.985231 ] } },
{ "type": "Feature", "properties": { "Primary ObjectID": 114092, "FormattingRule index": -1, "TimeZone Name": "America/Toronto", "field_4": null, "Asset": 114092, "Asset Name": "EZpass Equipment", "Hierarchy Location": "ACM.NIS.TRN.DOT.DOR.TW.TP29.", "Site": null, "Type": "EZPass Equipment", "Classification": "Maintainable Asset", "Parent asset": 114054, "Parent Asset Name": "O'Hare river road Toll Plaza 32", "AssetWise Interoperability Active": false, "Highest Alarm Level": null, "Safety Critical Equipment": null, "Category": null, "Class": null, "Age": "0.000 years", "Age Calculated On": "12/13/2024 7:56:59 AM", "Priority Analyzed": false, "Analysis Number": null, "field_23": null, "field_24": null, "field_25": null }, "geometry": { "type": "Point", "coordinates": [ -87.857383, 41.985231 ] } },
{ "type": "Feature", "properties": { "Primary ObjectID": 114093, "FormattingRule index": -1, "TimeZone Name": "America/Toronto", "field_4": null, "Asset": 114093, "Asset Name": "Frame #1", "Hierarchy Location": "ACM.NIS.TRN.DOT.DOR.TW.TP29..SRT1", "Site": null, "Type": "Structure", "Classification": "Maintainable Asset", "Parent asset": 114092, "Parent Asset Name": "EZpass Equipment", "AssetWise Interoperability Active": false, "Highest Alarm Level": null, "Safety Critical Equipment": null, "Category": null, "Class": null, "Age": "0.000 years", "Age Calculated On": "12/13/2024 7:57:00 AM", "Priority Analyzed": false, "Analysis Number": null, "field_23": null, "field_24": null, "field_25": null }, "geometry": { "type": "Point", "coordinates": [ -87.857383, 41.985231 ] } },
{ "type": "Feature", "properties": { "Primary ObjectID": 114094, "FormattingRule index": -1, "TimeZone Name": "America/Toronto", "field_4": null, "Asset": 114094, "Asset Name": "Frame #2", "Hierarchy Location": "ACM.NIS.TRN.DOT.DOR.TW.TP29..SRT2", "Site": null, "Type": "Structure", "Classification": "Maintainable Asset", "Parent asset": 114092, "Parent Asset Name": "EZpass Equipment", "AssetWise Interoperability Active": false, "Highest Alarm Level": null, "Safety Critical Equipment": null, "Category": null, "Class": null, "Age": "0.000 years", "Age Calculated On": "12/13/2024 7:57:01 AM", "Priority Analyzed": false, "Analysis Number": null, "field_23": null, "field_24": null, "field_25": null }, "geometry": { "type": "Point", "coordinates": [ -87.857383, 41.985231 ] } },
{ "type": "Feature", "properties": { "Primary ObjectID": 114095, "FormattingRule index": -1, "TimeZone Name": "America/Toronto", "field_4": null, "Asset": 114095, "Asset Name": "Pickup Sensors Lane 52", "Hierarchy Location": "ACM.NIS.TRN.DOT.DOR.TW.TP29..S52", "Site": null, "Type": "Sensors", "Classification": "Maintainable Asset", "Parent asset": 114092, "Parent Asset Name": "EZpass Equipment", "AssetWise Interoperability Active": false, "Highest Alarm Level": null, "Safety Critical Equipment": null, "Category": null, "Class": null, "Age": "0.000 years", "Age Calculated On": "12/13/2024 7:57:02 AM", "Priority Analyzed": false, "Analysis Number": null, "field_23": null, "field_24": null, "field_25": null }, "geometry": { "type": "Point", "coordinates": [ -87.857383, 41.985231 ] } },
{ "type": "Feature", "properties": { "Primary ObjectID": 114096, "FormattingRule index": -1, "TimeZone Name": "America/Toronto", "field_4": null, "Asset": 114096, "Asset Name": "Pickup Sensors Lane 54", "Hierarchy Location": "ACM.NIS.TRN.DOT.DOR.TW.TP29..S54", "Site": null, "Type": "Sensors", "Classification": "Maintainable Asset", "Parent asset": 114092, "Parent Asset Name": "EZpass Equipment", "AssetWise Interoperability Active": false, "Highest Alarm Level": null, "Safety Critical Equipment": null, "Category": null, "Class": null, "Age": "0.000 years", "Age Calculated On": "12/13/2024 7:57:02 AM", "Priority Analyzed": false, "Analysis Number": null, "field_23": null, "field_24": null, "field_25": null }, "geometry": { "type": "Point", "coordinates": [ -87.857383, 41.985231 ] } },
{ "type": "Feature", "properties": { "Primary ObjectID": 114097, "FormattingRule index": -1, "TimeZone Name": "America/Toronto", "field_4": null, "Asset": 114097, "Asset Name": "Pickup Sensors Lane 53", "Hierarchy Location": "ACM.NIS.TRN.DOT.DOR.TW.TP29..S53", "Site": null, "Type": "Sensors", "Classification": "Maintainable Asset", "Parent asset": 114092, "Parent Asset Name": "EZpass Equipment", "AssetWise Interoperability Active": false, "Highest Alarm Level": null, "Safety Critical Equipment": null, "Category": null, "Class": null, "Age": "0.000 years", "Age Calculated On": "12/13/2024 7:57:03 AM", "Priority Analyzed": false, "Analysis Number": null, "field_23": null, "field_24": null, "field_25": null }, "geometry": { "type": "Point", "coordinates": [ -87.857383, 41.985231 ] } },
{ "type": "Feature", "properties": { "Primary ObjectID": 114098, "FormattingRule index": -1, "TimeZone Name": "America/Toronto", "field_4": null, "Asset": 114098, "Asset Name": "EZpass Equipment", "Hierarchy Location": "ACM.NIS.TRN.DOT.DOR.TW.TP29.", "Site": null, "Type": "EZPass Equipment", "Classification": "Maintainable Asset", "Parent asset": 114043, "Parent Asset Name": "Toll Plaza 29 IL Tollway Touhy Ave", "AssetWise Interoperability Active": false, "Highest Alarm Level": null, "Safety Critical Equipment": null, "Category": null, "Class": null, "Age": "0.000 years", "Age Calculated On": "12/13/2024 7:57:58 AM", "Priority Analyzed": false, "Analysis Number": null, "field_23": null, "field_24": null, "field_25": null }, "geometry": { "type": "Point", "coordinates": [ -87.857383, 41.985231 ] } },
{ "type": "Feature", "properties": { "Primary ObjectID": 114099, "FormattingRule index": -1, "TimeZone Name": "America/Toronto", "field_4": null, "Asset": 114099, "Asset Name": "Frame #1", "Hierarchy Location": "ACM.NIS.TRN.DOT.DOR.TW.TP29..SRT1", "Site": null, "Type": "Structure", "Classification": "Maintainable Asset", "Parent asset": 114098, "Parent Asset Name": "EZpass Equipment", "AssetWise Interoperability Active": false, "Highest Alarm Level": null, "Safety Critical Equipment": null, "Category": null, "Class": null, "Age": "0.000 years", "Age Calculated On": "12/13/2024 7:57:59 AM", "Priority Analyzed": false, "Analysis Number": null, "field_23": null, "field_24": null, "field_25": null }, "geometry": { "type": "Point", "coordinates": [ -87.857383, 41.985231 ] } },
{ "type": "Feature", "properties": { "Primary ObjectID": 114100, "FormattingRule index": -1, "TimeZone Name": "America/Toronto", "field_4": null, "Asset": 114100, "Asset Name": "Frame #2", "Hierarchy Location": "ACM.NIS.TRN.DOT.DOR.TW.TP29..SRT2", "Site": null, "Type": "Structure", "Classification": "Maintainable Asset", "Parent asset": 114098, "Parent Asset Name": "EZpass Equipment", "AssetWise Interoperability Active": false, "Highest Alarm Level": null, "Safety Critical Equipment": null, "Category": null, "Class": null, "Age": "0.000 years", "Age Calculated On": "12/13/2024 7:58:00 AM", "Priority Analyzed": false, "Analysis Number": null, "field_23": null, "field_24": null, "field_25": null }, "geometry": { "type": "Point", "coordinates": [ -87.857383, 41.985231 ] } },
{ "type": "Feature", "properties": { "Primary ObjectID": 114101, "FormattingRule index": -1, "TimeZone Name": "America/Toronto", "field_4": null, "Asset": 114101, "Asset Name": "Pickup Sensors Lane 52", "Hierarchy Location": "ACM.NIS.TRN.DOT.DOR.TW.TP29..S52", "Site": null, "Type": "Sensors", "Classification": "Maintainable Asset", "Parent asset": 114098, "Parent Asset Name": "EZpass Equipment", "AssetWise Interoperability Active": false, "Highest Alarm Level": null, "Safety Critical Equipment": null, "Category": null, "Class": null, "Age": "0.000 years", "Age Calculated On": "12/13/2024 7:58:00 AM", "Priority Analyzed": false, "Analysis Number": null, "field_23": null, "field_24": null, "field_25": null }, "geometry": { "type": "Point", "coordinates": [ -87.857383, 41.985231 ] } },
{ "type": "Feature", "properties": { "Primary ObjectID": 114102, "FormattingRule index": -1, "TimeZone Name": "America/Toronto", "field_4": null, "Asset": 114102, "Asset Name": "Pickup Sensors Lane 54", "Hierarchy Location": "ACM.NIS.TRN.DOT.DOR.TW.TP29..S54", "Site": null, "Type": "Sensors", "Classification": "Maintainable Asset", "Parent asset": 114098, "Parent Asset Name": "EZpass Equipment", "AssetWise Interoperability Active": false, "Highest Alarm Level": null, "Safety Critical Equipment": null, "Category": null, "Class": null, "Age": "0.000 years", "Age Calculated On": "12/13/2024 7:58:01 AM", "Priority Analyzed": false, "Analysis Number": null, "field_23": null, "field_24": null, "field_25": null }, "geometry": { "type": "Point", "coordinates": [ -87.857383, 41.985231 ] } },
{ "type": "Feature", "properties": { "Primary ObjectID": 114103, "FormattingRule index": -1, "TimeZone Name": "America/Toronto", "field_4": null, "Asset": 114103, "Asset Name": "Pickup Sensors Lane 53", "Hierarchy Location": "ACM.NIS.TRN.DOT.DOR.TW.TP29..S53", "Site": null, "Type": "Sensors", "Classification": "Maintainable Asset", "Parent asset": 114098, "Parent Asset Name": "EZpass Equipment", "AssetWise Interoperability Active": false, "Highest Alarm Level": null, "Safety Critical Equipment": null, "Category": null, "Class": null, "Age": "0.000 years", "Age Calculated On": "12/13/2024 7:58:02 AM", "Priority Analyzed": false, "Analysis Number": null, "field_23": null, "field_24": null, "field_25": null }, "geometry": { "type": "Point", "coordinates": [ -87.857383, 41.985231 ] } },
{ "type": "Feature", "properties": { "Primary ObjectID": 114104, "FormattingRule index": -1, "TimeZone Name": "America/Toronto", "field_4": null, "Asset": 114104, "Asset Name": "Tollway", "Hierarchy Location": "ACM.NIS.TRN.DOT.DOR.TW", "Site": null, "Type": "ASSET GROUP", "Classification": "Maintainable Asset", "Parent asset": 64682, "Parent Asset Name": "Department of Roads", "AssetWise Interoperability Active": false, "Highest Alarm Level": "Alarm", "Safety Critical Equipment": null, "Category": null, "Class": null, "Age": "0.000 years", "Age Calculated On": "12/13/2024 8:23:21 AM", "Priority Analyzed": false, "Analysis Number": null, "field_23": null, "field_24": null, "field_25": null }, "geometry": null },
{ "type": "Feature", "properties": { "Primary ObjectID": 42110, "FormattingRule index": -1, "TimeZone Name": "America/Toronto", "field_4": null, "Asset": 64684, "Asset Name": "I90 - Highway", "Hierarchy Location": "ACM.NIS.TRN.DOT.DOR.TW.I90", "Site": null, "Type": "Roadway \\ 400 series", "Classification": "Maintainable Asset", "Parent asset": 114104, "Parent Asset Name": "Tollway", "AssetWise Interoperability Active": false, "Highest Alarm Level": "Alarm", "Safety Critical Equipment": null, "Category": null, "Class": null, "Age": "0.000 years", "Age Calculated On": "4/4/2022 3:19:57 PM", "Priority Analyzed": false, "Analysis Number": null, "field_23": null, "field_24": null, "field_25": null }, "geometry": null },
{ "type": "Feature", "properties": { "Primary ObjectID": 42113, "FormattingRule index": -1, "TimeZone Name": "America/Toronto", "field_4": null, "Asset": 64685, "Asset Name": "Signs - Mile Makers, Overhaed", "Hierarchy Location": "ACM.NIS.TRN.DOT.DOR.TW.I90.SGN", "Site": null, "Type": "Signage", "Classification": "Maintainable Asset", "Parent asset": 64684, "Parent Asset Name": "I90 - Highway", "AssetWise Interoperability Active": false, "Highest Alarm Level": "Alarm", "Safety Critical Equipment": null, "Category": null, "Class": null, "Age": "0.000 years", "Age Calculated On": "4/4/2022 3:19:57 PM", "Priority Analyzed": false, "Analysis Number": null, "field_23": null, "field_24": null, "field_25": null }, "geometry": null },
{ "type": "Feature", "properties": { "Primary ObjectID": 42111, "FormattingRule index": -1, "TimeZone Name": "America/Toronto", "field_4": null, "Asset": 64686, "Asset Name": "Mile Marker - Signs", "Hierarchy Location": "ACM.NIS.TRN.DOT.DOR.TW.I90.SGN.MMR", "Site": null, "Type": "Signage", "Classification": "Maintainable Asset", "Parent asset": 64685, "Parent Asset Name": "Signs - Mile Makers, Overhaed", "AssetWise Interoperability Active": false, "Highest Alarm Level": "Alarm", "Safety Critical Equipment": null, "Category": null, "Class": null, "Age": "0.000 years", "Age Calculated On": "4/4/2022 3:19:57 PM", "Priority Analyzed": false, "Analysis Number": null, "field_23": null, "field_24": null, "field_25": null }, "geometry": null },
{ "type": "Feature", "properties": { "Primary ObjectID": 42114, "FormattingRule index": -1, "TimeZone Name": "America/Toronto", "field_4": null, "Asset": 64687, "Asset Name": "Lighting", "Hierarchy Location": "ACM.NIS.TRN.DOT.DOR.TW.I90.LIG", "Site": null, "Type": "LIGHTING", "Classification": "Maintainable Asset", "Parent asset": 64684, "Parent Asset Name": "I90 - Highway", "AssetWise Interoperability Active": false, "Highest Alarm Level": null, "Safety Critical Equipment": null, "Category": null, "Class": null, "Age": "0.000 years", "Age Calculated On": "4/4/2022 3:19:57 PM", "Priority Analyzed": false, "Analysis Number": null, "field_23": null, "field_24": null, "field_25": null }, "geometry": null },
{ "type": "Feature", "properties": { "Primary ObjectID": 42115, "FormattingRule index": -1, "TimeZone Name": "America/Toronto", "field_4": null, "Asset": 64688, "Asset Name": "Guard Rails", "Hierarchy Location": "ACM.NIS.TRN.DOT.DOR.TW.I90.GAR", "Site": null, "Type": "Guard Rails", "Classification": "Maintainable Asset", "Parent asset": 64684, "Parent Asset Name": "I90 - Highway", "AssetWise Interoperability Active": false, "Highest Alarm Level": null, "Safety Critical Equipment": null, "Category": null, "Class": null, "Age": "0.000 years", "Age Calculated On": "4/4/2022 3:19:57 PM", "Priority Analyzed": false, "Analysis Number": null, "field_23": null, "field_24": null, "field_25": null }, "geometry": null },
{ "type": "Feature", "properties": { "Primary ObjectID": 42116, "FormattingRule index": -1, "TimeZone Name": "America/Toronto", "field_4": null, "Asset": 64689, "Asset Name": "Mile Marker 10", "Hierarchy Location": "ACM.NIS.TRN.DOT.DOR.TW.I90.SGN.MMR.M10", "Site": null, "Type": "Mile Marker", "Classification": "Maintainable Asset", "Parent asset": 64686, "Parent Asset Name": "Mile Marker - Signs", "AssetWise Interoperability Active": false, "Highest Alarm Level": null, "Safety Critical Equipment": null, "Category": null, "Class": null, "Age": "0.000 years", "Age Calculated On": "4/4/2022 3:19:57 PM", "Priority Analyzed": false, "Analysis Number": null, "field_23": null, "field_24": null, "field_25": null }, "geometry": null },
{ "type": "Feature", "properties": { "Primary ObjectID": 42118, "FormattingRule index": -1, "TimeZone Name": "America/Toronto", "field_4": null, "Asset": 64690, "Asset Name": "Concrete Culvert - 2399", "Hierarchy Location": "ACM.NIS.TRN.DOT.DOR.TW.I90.CULV.2399", "Site": null, "Type": "Culvert", "Classification": "Maintainable Asset", "Parent asset": 114038, "Parent Asset Name": "Culvert & Drainage", "AssetWise Interoperability Active": false, "Highest Alarm Level": null, "Safety Critical Equipment": null, "Category": null, "Class": null, "Age": "0.000 years", "Age Calculated On": "4/4/2022 3:19:59 PM", "Priority Analyzed": false, "Analysis Number": null, "field_23": null, "field_24": null, "field_25": null }, "geometry": null }
]
}
