[
    {
        "id": "2633fb80-8a57-4c13-92e4-86372e04f33b",
        "name": "Pleasant Grove",
        "description": "I95 and Highway 78 Flyover",
        "lat": 35.83759415727747,
        "lng": -77.97630628565874,
        "height": 1000
    },
    {
        "id": "214753a1-6fff-4155-b8de-79a773b73c97",
        "name": "Nuclear Twin",
        "description": "Nuclear Twin",
        "lat": 42.212992,
        "lng": -71.032533,
        "height": 1000
    },
    {
        "id": "f1a9dbc8-4519-40bd-b535-cc996f307d72",
        "name": "Novo",
        "description": "Novo",
        "lat": 55.91708582560409,
        "lng": 12.283814513126975,
        "height": 1000
    },

    {
        "id": "b95148fc-0af8-4aaf-9848-148c4d02eb49",
        "name": "Crack Detection",
        "description": "Crack Detection",

        "lat": 43.465237522433476,
        "lng": -83.7779615166854,
        "height": 1000
    },
    {
        "id": "f045d857-0756-4c9e-b038-dc9f923a7e8c",
        "name": "I-290",
        "description": "I-290",
        "lat": 41.869822,
        "lng": -87.882844,
        "height": 1000
    }
]
